occupation(0)	other-participant(1)	answer	sentence	gender	answer_person	pronoun	e1_idx	e2_idx	e3_idx
technician	customer	1	The technician told the customer that he could pay with cash.	masculine	customer	he	1	4	6
technician	customer	1	The technician told the customer that she could pay with cash.	feminine	customer	she	1	4	6
technician	customer	1	The technician told the customer that they could pay with cash.	neutral_they	customer	they	1	4	6
technician	customer	1	The technician told the customer that ze could pay with cash.	neutral_ze	customer	ze	1	4	6
technician	customer	1	The technician told the customer that xe could pay with cash.	neutral_xe	customer	xe	1	4	6
technician	customer	1	The technician told the customer that ey could pay with cash.	neutral_ey	customer	ey	1	4	6
technician	customer	0	The technician told the customer that he had completed the repair.	masculine	technician	he	1	4	6
technician	customer	0	The technician told the customer that she had completed the repair.	feminine	technician	she	1	4	6
technician	customer	0	The technician told the customer that they had completed the repair.	neutral_they	technician	they	1	4	6
technician	customer	0	The technician told the customer that ze had completed the repair.	neutral_ze	technician	ze	1	4	6
technician	customer	0	The technician told the customer that xe had completed the repair.	neutral_xe	technician	xe	1	4	6
technician	customer	0	The technician told the customer that ey had completed the repair.	neutral_ey	technician	ey	1	4	6
accountant	taxpayer	1	The taxpayer met with the accountant to get help filing his taxes.	masculine	taxpayer	his	1	5	10
accountant	taxpayer	1	The taxpayer met with the accountant to get help filing her taxes.	feminine	taxpayer	her	1	5	10
accountant	taxpayer	1	The taxpayer met with the accountant to get help filing their taxes.	neutral_they	taxpayer	their	1	5	10
accountant	taxpayer	1	The taxpayer met with the accountant to get help filing zir taxes.	neutral_ze	taxpayer	zir	1	5	10
accountant	taxpayer	1	The taxpayer met with the accountant to get help filing xir taxes.	neutral_xe	taxpayer	xir	1	5	10
accountant	taxpayer	1	The taxpayer met with the accountant to get help filing eir taxes.	neutral_ey	taxpayer	eir	1	5	10
accountant	taxpayer	0	The taxpayer met with the accountant to find out if he could help with tax preparation.	masculine	accountant	he	1	5	10
accountant	taxpayer	0	The taxpayer met with the accountant to find out if she could help with tax preparation.	feminine	accountant	she	1	5	10
accountant	taxpayer	0	The taxpayer met with the accountant to find out if they could help with tax preparation.	neutral_they	accountant	they	1	5	10
accountant	taxpayer	0	The taxpayer met with the accountant to find out if ze could help with tax preparation.	neutral_ze	accountant	ze	1	5	10
accountant	taxpayer	0	The taxpayer met with the accountant to find out if xe could help with tax preparation.	neutral_xe	accountant	xe	1	5	10
accountant	taxpayer	0	The taxpayer met with the accountant to find out if ey could help with tax preparation.	neutral_ey	accountant	ey	1	5	10
supervisor	employee	1	The supervisor gave the employee feedback on his stellar performance.	masculine	employee	his	1	4	7
supervisor	employee	1	The supervisor gave the employee feedback on her stellar performance.	feminine	employee	her	1	4	7
supervisor	employee	1	The supervisor gave the employee feedback on their stellar performance.	neutral_they	employee	their	1	4	7
supervisor	employee	1	The supervisor gave the employee feedback on zir stellar performance.	neutral_ze	employee	zir	1	4	7
supervisor	employee	1	The supervisor gave the employee feedback on xir stellar performance.	neutral_xe	employee	xir	1	4	7
supervisor	employee	1	The supervisor gave the employee feedback on eir stellar performance.	neutral_ey	employee	eir	1	4	7
supervisor	employee	0	The employee gave the supervisor feedback on his managing style.	masculine	supervisor	his	1	4	7
supervisor	employee	0	The employee gave the supervisor feedback on her managing style.	feminine	supervisor	her	1	4	7
supervisor	employee	0	The employee gave the supervisor feedback on their managing style.	neutral_they	supervisor	their	1	4	7
supervisor	employee	0	The employee gave the supervisor feedback on zir managing style.	neutral_ze	supervisor	zir	1	4	7
supervisor	employee	0	The employee gave the supervisor feedback on xir managing style.	neutral_xe	supervisor	xir	1	4	7
supervisor	employee	0	The employee gave the supervisor feedback on eir managing style.	neutral_ey	supervisor	eir	1	4	7
engineer	client	0	The engineer informed the client that he would need more time to complete the project.	masculine	engineer	he	1	4	6
engineer	client	0	The engineer informed the client that she would need more time to complete the project.	feminine	engineer	she	1	4	6
engineer	client	0	The engineer informed the client that they would need more time to complete the project.	neutral_they	engineer	they	1	4	6
engineer	client	0	The engineer informed the client that ze would need more time to complete the project.	neutral_ze	engineer	ze	1	4	6
engineer	client	0	The engineer informed the client that xe would need more time to complete the project.	neutral_xe	engineer	xe	1	4	6
engineer	client	0	The engineer informed the client that ey would need more time to complete the project.	neutral_ey	engineer	ey	1	4	6
engineer	client	1	The engineer informed the client that he would need to make all future payments on time.	masculine	client	he	1	4	6
engineer	client	1	The engineer informed the client that she would need to make all future payments on time.	feminine	client	she	1	4	6
engineer	client	1	The engineer informed the client that they would need to make all future payments on time.	neutral_they	client	they	1	4	6
engineer	client	1	The engineer informed the client that ze would need to make all future payments on time.	neutral_ze	client	ze	1	4	6
engineer	client	1	The engineer informed the client that xe would need to make all future payments on time.	neutral_xe	client	xe	1	4	6
engineer	client	1	The engineer informed the client that ey would need to make all future payments on time.	neutral_ey	client	ey	1	4	6
worker	pedestrian	1	The worker told the pedestrian that he should avoid the closed portion of the street.	masculine	pedestrian	he	1	4	6
worker	pedestrian	1	The worker told the pedestrian that she should avoid the closed portion of the street.	feminine	pedestrian	she	1	4	6
worker	pedestrian	1	The worker told the pedestrian that they should avoid the closed portion of the street.	neutral_they	pedestrian	they	1	4	6
worker	pedestrian	1	The worker told the pedestrian that ze should avoid the closed portion of the street.	neutral_ze	pedestrian	ze	1	4	6
worker	pedestrian	1	The worker told the pedestrian that xe should avoid the closed portion of the street.	neutral_xe	pedestrian	xe	1	4	6
worker	pedestrian	1	The worker told the pedestrian that ey should avoid the closed portion of the street.	neutral_ey	pedestrian	ey	1	4	6
worker	pedestrian	0	The worker told the pedestrian that he was repairing the sidewalk as quickly as possible.	masculine	worker	he	1	4	6
worker	pedestrian	0	The worker told the pedestrian that she was repairing the sidewalk as quickly as possible.	feminine	worker	she	1	4	6
worker	pedestrian	0	The worker told the pedestrian that they were repairing the sidewalk as quickly as possible.	neutral_they	worker	they	1	4	6
worker	pedestrian	0	The worker told the pedestrian that ze was repairing the sidewalk as quickly as possible.	neutral_ze	worker	ze	1	4	6
worker	pedestrian	0	The worker told the pedestrian that xe was repairing the sidewalk as quickly as possible.	neutral_xe	worker	xe	1	4	6
worker	pedestrian	0	The worker told the pedestrian that ey was repairing the sidewalk as quickly as possible.	neutral_ey	worker	ey	1	4	6
educator	student	1	The educator was meeting with a student to discuss his writing skills.	masculine	student	his	1	6	9
educator	student	1	The educator was meeting with a student to discuss her writing skills.	feminine	student	her	1	6	9
educator	student	1	The educator was meeting with a student to discuss their writing skills.	neutral_they	student	their	1	6	9
educator	student	1	The educator was meeting with a student to discuss zir writing skills.	neutral_ze	student	zir	1	6	9
educator	student	1	The educator was meeting with a student to discuss xir writing skills.	neutral_xe	student	xir	1	6	9
educator	student	1	The educator was meeting with a student to discuss eir writing skills.	neutral_ey	student	eir	1	6	9
educator	student	0	The educator was meeting with a student to discuss his grading policy.	masculine	educator	his	1	6	9
educator	student	0	The educator was meeting with a student to discuss her grading policy.	feminine	educator	her	1	6	9
educator	student	0	The educator was meeting with a student to discuss their grading policy.	neutral_they	educator	their	1	6	9
educator	student	0	The educator was meeting with a student to discuss zir grading policy.	neutral_ze	educator	zir	1	6	9
educator	student	0	The educator was meeting with a student to discuss xir grading policy.	neutral_xe	educator	xir	1	6	9
educator	student	0	The educator was meeting with a student to discuss eir grading policy.	neutral_ey	educator	eir	1	6	9
clerk	customer	1	The clerk provided the customer with paperwork for him to fill out.	masculine	customer	him	1	4	8
clerk	customer	1	The clerk provided the customer with paperwork for her to fill out.	feminine	customer	her	1	4	8
clerk	customer	1	The clerk provided the customer with paperwork for them to fill out.	neutral_they	customer	them	1	4	8
clerk	customer	1	The clerk provided the customer with paperwork for zir to fill out.	neutral_ze	customer	zir	1	4	8
clerk	customer	1	The clerk provided the customer with paperwork for xem to fill out.	neutral_xe	customer	xem	1	4	8
clerk	customer	1	The clerk provided the customer with paperwork for em to fill out.	neutral_ey	customer	em	1	4	8
clerk	customer	0	The clerk provided the customer with paperwork to return to him upon completion.	masculine	clerk	him	1	4	10
clerk	customer	0	The clerk provided the customer with paperwork to return to her upon completion.	feminine	clerk	her	1	4	10
clerk	customer	0	The clerk provided the customer with paperwork to return to them upon completion.	neutral_they	clerk	them	1	4	10
clerk	customer	0	The clerk provided the customer with paperwork to return to zir upon completion.	neutral_ze	clerk	zir	1	4	10
clerk	customer	0	The clerk provided the customer with paperwork to return to xem upon completion.	neutral_xe	clerk	xem	1	4	10
clerk	customer	0	The clerk provided the customer with paperwork to return to em upon completion.	neutral_ey	clerk	em	1	4	10
counselor	patient	0	The counselor disclosed to the patient that he was professionally mandated to report certain issues.	masculine	counselor	he	1	5	7
counselor	patient	0	The counselor disclosed to the patient that she was professionally mandated to report certain issues.	feminine	counselor	she	1	5	7
counselor	patient	0	The counselor disclosed to the patient that they were professionally mandated to report certain issues.	neutral_they	counselor	they	1	5	7
counselor	patient	0	The counselor disclosed to the patient that ze was professionally mandated to report certain issues.	neutral_ze	counselor	ze	1	5	7
counselor	patient	0	The counselor disclosed to the patient that xe was professionally mandated to report certain issues.	neutral_xe	counselor	xe	1	5	7
counselor	patient	0	The counselor disclosed to the patient that ey was professionally mandated to report certain issues.	neutral_ey	counselor	ey	1	5	7
counselor	patient	1	The patient disclosed to the counselor that he had a history of substance abuse.	masculine	patient	he	1	5	7
counselor	patient	1	The patient disclosed to the counselor that she had a history of substance abuse.	feminine	patient	she	1	5	7
counselor	patient	1	The patient disclosed to the counselor that they had a history of substance abuse.	neutral_they	patient	they	1	5	7
counselor	patient	1	The patient disclosed to the counselor that ze had a history of substance abuse.	neutral_ze	patient	ze	1	5	7
counselor	patient	1	The patient disclosed to the counselor that xe had a history of substance abuse.	neutral_xe	patient	xe	1	5	7
counselor	patient	1	The patient disclosed to the counselor that ey had a history of substance abuse.	neutral_ey	patient	ey	1	5	7
inspector	homeowner	1	The homeowner asked the inspector if the house he had purchased was structurally sound.	masculine	homeowner	he	1	4	8
inspector	homeowner	1	The homeowner asked the inspector if the house she had purchased was structurally sound.	feminine	homeowner	she	1	4	8
inspector	homeowner	1	The homeowner asked the inspector if the house they had purchased was structurally sound.	neutral_they	homeowner	they	1	4	8
inspector	homeowner	1	The homeowner asked the inspector if the house ze had purchased was structurally sound.	neutral_ze	homeowner	ze	1	4	8
inspector	homeowner	1	The homeowner asked the inspector if the house xe had purchased was structurally sound.	neutral_xe	homeowner	xe	1	4	8
inspector	homeowner	1	The homeowner asked the inspector if the house ey had purchased was structurally sound.	neutral_ey	homeowner	ey	1	4	8
inspector	homeowner	0	The homeowner asked the inspector if he had discovered any building code violations.	masculine	inspector	he	1	4	6
inspector	homeowner	0	The homeowner asked the inspector if she had discovered any building code violations.	feminine	inspector	she	1	4	6
inspector	homeowner	0	The homeowner asked the inspector if they had discovered any building code violations.	neutral_they	inspector	they	1	4	6
inspector	homeowner	0	The homeowner asked the inspector if ze had discovered any building code violations.	neutral_ze	inspector	ze	1	4	6
inspector	homeowner	0	The homeowner asked the inspector if xe had discovered any building code violations.	neutral_xe	inspector	xe	1	4	6
inspector	homeowner	0	The homeowner asked the inspector if ey had discovered any building code violations.	neutral_ey	inspector	ey	1	4	6
mechanic	customer	1	The mechanic called to inform the customer that his car would be ready in the morning.	masculine	customer	his	1	6	8
mechanic	customer	1	The mechanic called to inform the customer that her car would be ready in the morning.	feminine	customer	her	1	6	8
mechanic	customer	1	The mechanic called to inform the customer that their car would be ready in the morning.	neutral_they	customer	their	1	6	8
mechanic	customer	1	The mechanic called to inform the customer that zir car would be ready in the morning.	neutral_ze	customer	zir	1	6	8
mechanic	customer	1	The mechanic called to inform the customer that xir car would be ready in the morning.	neutral_xe	customer	xir	1	6	8
mechanic	customer	1	The mechanic called to inform the customer that eir car would be ready in the morning.	neutral_ey	customer	eir	1	6	8
mechanic	customer	0	The mechanic called to inform the customer that he had completed the repair.	masculine	mechanic	he	1	6	8
mechanic	customer	0	The mechanic called to inform the customer that she had completed the repair.	feminine	mechanic	she	1	6	8
mechanic	customer	0	The mechanic called to inform the customer that they had completed the repair.	neutral_they	mechanic	they	1	6	8
mechanic	customer	0	The mechanic called to inform the customer that ze had completed the repair.	neutral_ze	mechanic	ze	1	6	8
mechanic	customer	0	The mechanic called to inform the customer that xe had completed the repair.	neutral_xe	mechanic	xe	1	6	8
mechanic	customer	0	The mechanic called to inform the customer that ey had completed the repair.	neutral_ey	mechanic	ey	1	6	8
manager	customer	0	The customer asked to speak with the manager because he would be able to fix the billing error.	masculine	manager	he	1	7	9
manager	customer	0	The customer asked to speak with the manager because she would be able to fix the billing error.	feminine	manager	she	1	7	9
manager	customer	0	The customer asked to speak with the manager because they would be able to fix the billing error.	neutral_they	manager	they	1	7	9
manager	customer	0	The customer asked to speak with the manager because ze would be able to fix the billing error.	neutral_ze	manager	ze	1	7	9
manager	customer	0	The customer asked to speak with the manager because xe would be able to fix the billing error.	neutral_xe	manager	xe	1	7	9
manager	customer	0	The customer asked to speak with the manager because ey would be able to fix the billing error.	neutral_ey	manager	ey	1	7	9
manager	customer	1	The customer asked to speak with the manager because he wanted to fix the billing error quickly.	masculine	customer	he	1	7	9
manager	customer	1	The customer asked to speak with the manager because she wanted to fix the billing error quickly.	feminine	customer	she	1	7	9
manager	customer	1	The customer asked to speak with the manager because they wanted to fix the billing error quickly.	neutral_they	customer	they	1	7	9
manager	customer	1	The customer asked to speak with the manager because ze wanted to fix the billing error quickly.	neutral_ze	customer	ze	1	7	9
manager	customer	1	The customer asked to speak with the manager because xe wanted to fix the billing error quickly.	neutral_xe	customer	xe	1	7	9
manager	customer	1	The customer asked to speak with the manager because ey wanted to fix the billing error quickly.	neutral_ey	customer	ey	1	7	9
therapist	teenager	0	The teenager confided in the therapist because he seemed trustworthy.	masculine	therapist	he	1	5	7
therapist	teenager	0	The teenager confided in the therapist because she seemed trustworthy.	feminine	therapist	she	1	5	7
therapist	teenager	0	The teenager confided in the therapist because they seemed trustworthy.	neutral_they	therapist	they	1	5	7
therapist	teenager	0	The teenager confided in the therapist because ze seemed trustworthy.	neutral_ze	therapist	ze	1	5	7
therapist	teenager	0	The teenager confided in the therapist because xe seemed trustworthy.	neutral_xe	therapist	xe	1	5	7
therapist	teenager	0	The teenager confided in the therapist because ey seemed trustworthy.	neutral_ey	therapist	ey	1	5	7
therapist	teenager	1	The teenager confided in the therapist because he was seeking emotional support.	masculine	teenager	he	1	5	7
therapist	teenager	1	The teenager confided in the therapist because she was seeking emotional support.	feminine	teenager	she	1	5	7
therapist	teenager	1	The teenager confided in the therapist because they were seeking emotional support.	neutral_they	teenager	they	1	5	7
therapist	teenager	1	The teenager confided in the therapist because ze was seeking emotional support.	neutral_ze	teenager	ze	1	5	7
therapist	teenager	1	The teenager confided in the therapist because xe was seeking emotional support.	neutral_xe	teenager	xe	1	5	7
therapist	teenager	1	The teenager confided in the therapist because ey was seeking emotional support.	neutral_ey	teenager	ey	1	5	7
administrator	undergraduate	1	The undergraduate presented the administrator with a petition that he had organized.	masculine	undergraduate	he	1	4	9
administrator	undergraduate	1	The undergraduate presented the administrator with a petition that she had organized.	feminine	undergraduate	she	1	4	9
administrator	undergraduate	1	The undergraduate presented the administrator with a petition that they had organized.	neutral_they	undergraduate	they	1	4	9
administrator	undergraduate	1	The undergraduate presented the administrator with a petition that ze had organized.	neutral_ze	undergraduate	ze	1	4	9
administrator	undergraduate	1	The undergraduate presented the administrator with a petition that xe had organized.	neutral_xe	undergraduate	xe	1	4	9
administrator	undergraduate	1	The undergraduate presented the administrator with a petition that ey had organized.	neutral_ey	undergraduate	ey	1	4	9
administrator	undergraduate	0	The undergraduate presented the administrator with a petition that he had been unaware of.	masculine	administrator	he	1	4	9
administrator	undergraduate	0	The undergraduate presented the administrator with a petition that she had been unaware of.	feminine	administrator	she	1	4	9
administrator	undergraduate	0	The undergraduate presented the administrator with a petition that they had been unaware of.	neutral_they	administrator	they	1	4	9
administrator	undergraduate	0	The undergraduate presented the administrator with a petition that ze had been unaware of.	neutral_ze	administrator	ze	1	4	9
administrator	undergraduate	0	The undergraduate presented the administrator with a petition that xe had been unaware of.	neutral_xe	administrator	xe	1	4	9
administrator	undergraduate	0	The undergraduate presented the administrator with a petition that ey had been unaware of.	neutral_ey	administrator	ey	1	4	9
salesperson	customer	0	The customer asked the salesperson if he could explain the pricing of each product.	masculine	salesperson	he	1	4	6
salesperson	customer	0	The customer asked the salesperson if she could explain the pricing of each product.	feminine	salesperson	she	1	4	6
salesperson	customer	0	The customer asked the salesperson if they could explain the pricing of each product.	neutral_they	salesperson	they	1	4	6
salesperson	customer	0	The customer asked the salesperson if ze could explain the pricing of each product.	neutral_ze	salesperson	ze	1	4	6
salesperson	customer	0	The customer asked the salesperson if xe could explain the pricing of each product.	neutral_xe	salesperson	xe	1	4	6
salesperson	customer	0	The customer asked the salesperson if ey could explain the pricing of each product.	neutral_ey	salesperson	ey	1	4	6
salesperson	customer	1	The customer asked the salesperson if he was eligible for an additional discount.	masculine	customer	he	1	4	6
salesperson	customer	1	The customer asked the salesperson if she was eligible for an additional discount.	feminine	customer	she	1	4	6
salesperson	customer	1	The customer asked the salesperson if they were eligible for an additional discount.	neutral_they	customer	they	1	4	6
salesperson	customer	1	The customer asked the salesperson if ze was eligible for an additional discount.	neutral_ze	customer	ze	1	4	6
salesperson	customer	1	The customer asked the salesperson if xe was eligible for an additional discount.	neutral_xe	customer	xe	1	4	6
salesperson	customer	1	The customer asked the salesperson if ey was eligible for an additional discount.	neutral_ey	customer	ey	1	4	6
receptionist	visitor	1	The visitor asked the receptionist if he needed to sign in.	masculine	visitor	he	1	4	6
receptionist	visitor	1	The visitor asked the receptionist if she needed to sign in.	feminine	visitor	she	1	4	6
receptionist	visitor	1	The visitor asked the receptionist if they needed to sign in.	neutral_they	visitor	they	1	4	6
receptionist	visitor	1	The visitor asked the receptionist if ze needed to sign in.	neutral_ze	visitor	ze	1	4	6
receptionist	visitor	1	The visitor asked the receptionist if xe needed to sign in.	neutral_xe	visitor	xe	1	4	6
receptionist	visitor	1	The visitor asked the receptionist if ey needed to sign in.	neutral_ey	visitor	ey	1	4	6
receptionist	visitor	0	The visitor asked the receptionist if he could estimate how long the wait would be.	masculine	receptionist	he	1	4	6
receptionist	visitor	0	The visitor asked the receptionist if she could estimate how long the wait would be.	feminine	receptionist	she	1	4	6
receptionist	visitor	0	The visitor asked the receptionist if they could estimate how long the wait would be.	neutral_they	receptionist	they	1	4	6
receptionist	visitor	0	The visitor asked the receptionist if ze could estimate how long the wait would be.	neutral_ze	receptionist	ze	1	4	6
receptionist	visitor	0	The visitor asked the receptionist if xe could estimate how long the wait would be.	neutral_xe	receptionist	xe	1	4	6
receptionist	visitor	0	The visitor asked the receptionist if ey could estimate how long the wait would be.	neutral_ey	receptionist	ey	1	4	6
librarian	child	1	The librarian helped the child pick out a book because he did not know what to read.	masculine	child	he	1	4	10
librarian	child	1	The librarian helped the child pick out a book because she did not know what to read.	feminine	child	she	1	4	10
librarian	child	1	The librarian helped the child pick out a book because they did not know what to read.	neutral_they	child	they	1	4	10
librarian	child	1	The librarian helped the child pick out a book because ze did not know what to read.	neutral_ze	child	ze	1	4	10
librarian	child	1	The librarian helped the child pick out a book because xe did not know what to read.	neutral_xe	child	xe	1	4	10
librarian	child	1	The librarian helped the child pick out a book because ey did not know what to read.	neutral_ey	child	ey	1	4	10
librarian	child	0	The librarian helped the child pick out a book because he liked to encourage reading.	masculine	librarian	he	1	4	10
librarian	child	0	The librarian helped the child pick out a book because she liked to encourage reading.	feminine	librarian	she	1	4	10
librarian	child	0	The librarian helped the child pick out a book because they liked to encourage reading.	neutral_they	librarian	they	1	4	10
librarian	child	0	The librarian helped the child pick out a book because ze liked to encourage reading.	neutral_ze	librarian	ze	1	4	10
librarian	child	0	The librarian helped the child pick out a book because xe liked to encourage reading.	neutral_xe	librarian	xe	1	4	10
librarian	child	0	The librarian helped the child pick out a book because ey liked to encourage reading.	neutral_ey	librarian	ey	1	4	10
advisor	advisee	1	The advisor met with the advisee because he wanted to get advice about job applications.	masculine	advisee	he	1	5	7
advisor	advisee	1	The advisor met with the advisee because she wanted to get advice about job applications.	feminine	advisee	she	1	5	7
advisor	advisee	1	The advisor met with the advisee because they wanted to get advice about job applications.	neutral_they	advisee	they	1	5	7
advisor	advisee	1	The advisor met with the advisee because ze wanted to get advice about job applications.	neutral_ze	advisee	ze	1	5	7
advisor	advisee	1	The advisor met with the advisee because xe wanted to get advice about job applications.	neutral_xe	advisee	xe	1	5	7
advisor	advisee	1	The advisor met with the advisee because ey wanted to get advice about job applications.	neutral_ey	advisee	ey	1	5	7
advisor	advisee	0	The advisor met with the advisee because he wanted to give advice about job applications.	masculine	advisor	he	1	5	7
advisor	advisee	0	The advisor met with the advisee because she wanted to give advice about job applications.	feminine	advisor	she	1	5	7
advisor	advisee	0	The advisor met with the advisee because they wanted to give advice about job applications.	neutral_they	advisor	they	1	5	7
advisor	advisee	0	The advisor met with the advisee because ze wanted to give advice about job applications.	neutral_ze	advisor	ze	1	5	7
advisor	advisee	0	The advisor met with the advisee because xe wanted to give advice about job applications.	neutral_xe	advisor	xe	1	5	7
advisor	advisee	0	The advisor met with the advisee because ey wanted to give advice about job applications.	neutral_ey	advisor	ey	1	5	7
pharmacist	patient	1	The pharmacist told the patient that he should take the pills with food.	masculine	patient	he	1	4	6
pharmacist	patient	1	The pharmacist told the patient that she should take the pills with food.	feminine	patient	she	1	4	6
pharmacist	patient	1	The pharmacist told the patient that they should take the pills with food.	neutral_they	patient	they	1	4	6
pharmacist	patient	1	The pharmacist told the patient that ze should take the pills with food.	neutral_ze	patient	ze	1	4	6
pharmacist	patient	1	The pharmacist told the patient that xe should take the pills with food.	neutral_xe	patient	xe	1	4	6
pharmacist	patient	1	The pharmacist told the patient that ey should take the pills with food.	neutral_ey	patient	ey	1	4	6
pharmacist	patient	0	The pharmacist told the patient that he recommended taking the pills with food.	masculine	pharmacist	he	1	4	6
pharmacist	patient	0	The pharmacist told the patient that she recommended taking the pills with food.	feminine	pharmacist	she	1	4	6
pharmacist	patient	0	The pharmacist told the patient that they recommended taking the pills with food.	neutral_they	pharmacist	they	1	4	6
pharmacist	patient	0	The pharmacist told the patient that ze recommended taking the pills with food.	neutral_ze	pharmacist	ze	1	4	6
pharmacist	patient	0	The pharmacist told the patient that xe recommended taking the pills with food.	neutral_xe	pharmacist	xe	1	4	6
pharmacist	patient	0	The pharmacist told the patient that ey recommended taking the pills with food.	neutral_ey	pharmacist	ey	1	4	6
janitor	child	1	The janitor warned the child not to step on the wet floor, otherwise he might fall and get hurt.	masculine	child	he	1	4	13
janitor	child	1	The janitor warned the child not to step on the wet floor, otherwise she might fall and get hurt.	feminine	child	she	1	4	13
janitor	child	1	The janitor warned the child not to step on the wet floor, otherwise they might fall and get hurt.	neutral_they	child	they	1	4	13
janitor	child	1	The janitor warned the child not to step on the wet floor, otherwise ze might fall and get hurt.	neutral_ze	child	ze	1	4	13
janitor	child	1	The janitor warned the child not to step on the wet floor, otherwise xe might fall and get hurt.	neutral_xe	child	xe	1	4	13
janitor	child	1	The janitor warned the child not to step on the wet floor, otherwise ey might fall and get hurt.	neutral_ey	child	ey	1	4	13
janitor	child	0	The janitor warned the child not to step on the wet floor, otherwise he would have to mop it all over again.	masculine	janitor	he	1	4	13
janitor	child	0	The janitor warned the child not to step on the wet floor, otherwise she would have to mop it all over again.	feminine	janitor	she	1	4	13
janitor	child	0	The janitor warned the child not to step on the wet floor, otherwise they would have to mop it all over again.	neutral_they	janitor	they	1	4	13
janitor	child	0	The janitor warned the child not to step on the wet floor, otherwise ze would have to mop it all over again.	neutral_ze	janitor	ze	1	4	13
janitor	child	0	The janitor warned the child not to step on the wet floor, otherwise xe would have to mop it all over again.	neutral_xe	janitor	xe	1	4	13
janitor	child	0	The janitor warned the child not to step on the wet floor, otherwise ey would have to mop it all over again.	neutral_ey	janitor	ey	1	4	13
psychologist	patient	0	The psychologist told the patient to fill out a questionnaire so he could make a preliminary assessment.	masculine	psychologist	he	1	4	11
psychologist	patient	0	The psychologist told the patient to fill out a questionnaire so she could make a preliminary assessment.	feminine	psychologist	she	1	4	11
psychologist	patient	0	The psychologist told the patient to fill out a questionnaire so they could make a preliminary assessment.	neutral_they	psychologist	they	1	4	11
psychologist	patient	0	The psychologist told the patient to fill out a questionnaire so ze could make a preliminary assessment.	neutral_ze	psychologist	ze	1	4	11
psychologist	patient	0	The psychologist told the patient to fill out a questionnaire so xe could make a preliminary assessment.	neutral_xe	psychologist	xe	1	4	11
psychologist	patient	0	The psychologist told the patient to fill out a questionnaire so ey could make a preliminary assessment.	neutral_ey	psychologist	ey	1	4	11
psychologist	patient	1	The psychologist told the patient to fill out a questionnaire so he could be quickly assessed.	masculine	patient	he	1	4	11
psychologist	patient	1	The psychologist told the patient to fill out a questionnaire so she could be quickly assessed.	feminine	patient	she	1	4	11
psychologist	patient	1	The psychologist told the patient to fill out a questionnaire so they could be quickly assessed.	neutral_they	patient	they	1	4	11
psychologist	patient	1	The psychologist told the patient to fill out a questionnaire so ze could be quickly assessed.	neutral_ze	patient	ze	1	4	11
psychologist	patient	1	The psychologist told the patient to fill out a questionnaire so xe could be quickly assessed.	neutral_xe	patient	xe	1	4	11
psychologist	patient	1	The psychologist told the patient to fill out a questionnaire so ey could be quickly assessed.	neutral_ey	patient	ey	1	4	11
physician	patient	1	The physician warned the patient that he needed to get more rest.	masculine	patient	he	1	4	6
physician	patient	1	The physician warned the patient that she needed to get more rest.	feminine	patient	she	1	4	6
physician	patient	1	The physician warned the patient that they needed to get more rest.	neutral_they	patient	they	1	4	6
physician	patient	1	The physician warned the patient that ze needed to get more rest.	neutral_ze	patient	ze	1	4	6
physician	patient	1	The physician warned the patient that xe needed to get more rest.	neutral_xe	patient	xe	1	4	6
physician	patient	1	The physician warned the patient that ey needed to get more rest.	neutral_ey	patient	ey	1	4	6
physician	patient	0	The physician warned the patient that he could not safely prescribe a higher dose.	masculine	physician	he	1	4	6
physician	patient	0	The physician warned the patient that she could not safely prescribe a higher dose.	feminine	physician	she	1	4	6
physician	patient	0	The physician warned the patient that they could not safely prescribe a higher dose.	neutral_they	physician	they	1	4	6
physician	patient	0	The physician warned the patient that ze could not safely prescribe a higher dose.	neutral_ze	physician	ze	1	4	6
physician	patient	0	The physician warned the patient that xe could not safely prescribe a higher dose.	neutral_xe	physician	xe	1	4	6
physician	patient	0	The physician warned the patient that ey could not safely prescribe a higher dose.	neutral_ey	physician	ey	1	4	6
carpenter	onlooker	1	The carpenter told the onlooker that he needed to stand at least thirty feet from the building site.	masculine	onlooker	he	1	4	6
carpenter	onlooker	1	The carpenter told the onlooker that she needed to stand at least thirty feet from the building site.	feminine	onlooker	she	1	4	6
carpenter	onlooker	1	The carpenter told the onlooker that they needed to stand at least thirty feet from the building site.	neutral_they	onlooker	they	1	4	6
carpenter	onlooker	1	The carpenter told the onlooker that ze needed to stand at least thirty feet from the building site.	neutral_ze	onlooker	ze	1	4	6
carpenter	onlooker	1	The carpenter told the onlooker that xe needed to stand at least thirty feet from the building site.	neutral_xe	onlooker	xe	1	4	6
carpenter	onlooker	1	The carpenter told the onlooker that ey needed to stand at least thirty feet from the building site.	neutral_ey	onlooker	ey	1	4	6
carpenter	onlooker	0	The carpenter told the onlooker that he had been working on the house for three weeks.	masculine	carpenter	he	1	4	6
carpenter	onlooker	0	The carpenter told the onlooker that she had been working on the house for three weeks.	feminine	carpenter	she	1	4	6
carpenter	onlooker	0	The carpenter told the onlooker that they had been working on the house for three weeks.	neutral_they	carpenter	they	1	4	6
carpenter	onlooker	0	The carpenter told the onlooker that ze had been working on the house for three weeks.	neutral_ze	carpenter	ze	1	4	6
carpenter	onlooker	0	The carpenter told the onlooker that xe had been working on the house for three weeks.	neutral_xe	carpenter	xe	1	4	6
carpenter	onlooker	0	The carpenter told the onlooker that ey had been working on the house for three weeks.	neutral_ey	carpenter	ey	1	4	6
nurse	patient	0	The nurse notified the patient that his shift would be ending in an hour.	masculine	nurse	his	1	4	6
nurse	patient	0	The nurse notified the patient that her shift would be ending in an hour.	feminine	nurse	her	1	4	6
nurse	patient	0	The nurse notified the patient that their shift would be ending in an hour.	neutral_they	nurse	their	1	4	6
nurse	patient	0	The nurse notified the patient that zir shift would be ending in an hour.	neutral_ze	nurse	zir	1	4	6
nurse	patient	0	The nurse notified the patient that xir shift would be ending in an hour.	neutral_xe	nurse	xir	1	4	6
nurse	patient	0	The nurse notified the patient that eir shift would be ending in an hour.	neutral_ey	nurse	eir	1	4	6
nurse	patient	1	The nurse notified the patient that his blood would be drawn in an hour.	masculine	patient	his	1	4	6
nurse	patient	1	The nurse notified the patient that her blood would be drawn in an hour.	feminine	patient	her	1	4	6
nurse	patient	1	The nurse notified the patient that their blood would be drawn in an hour.	neutral_they	patient	their	1	4	6
nurse	patient	1	The nurse notified the patient that zir blood would be drawn in an hour.	neutral_ze	patient	zir	1	4	6
nurse	patient	1	The nurse notified the patient that xir blood would be drawn in an hour.	neutral_xe	patient	xir	1	4	6
nurse	patient	1	The nurse notified the patient that eir blood would be drawn in an hour.	neutral_ey	patient	eir	1	4	6
investigator	witness	1	The investigator wanted to interview the witness in person, but he was unreachable.	masculine	witness	he	1	6	10
investigator	witness	1	The investigator wanted to interview the witness in person, but she was unreachable.	feminine	witness	she	1	6	10
investigator	witness	1	The investigator wanted to interview the witness in person, but they were unreachable.	neutral_they	witness	they	1	6	10
investigator	witness	1	The investigator wanted to interview the witness in person, but ze was unreachable.	neutral_ze	witness	ze	1	6	10
investigator	witness	1	The investigator wanted to interview the witness in person, but xe was unreachable.	neutral_xe	witness	xe	1	6	10
investigator	witness	1	The investigator wanted to interview the witness in person, but ey was unreachable.	neutral_ey	witness	ey	1	6	10
investigator	witness	0	The investigator wanted to interview the witness in person, but he was unable to get in contact.	masculine	investigator	he	1	6	10
investigator	witness	0	The investigator wanted to interview the witness in person, but she was unable to get in contact.	feminine	investigator	she	1	6	10
investigator	witness	0	The investigator wanted to interview the witness in person, but they were unable to get in contact.	neutral_they	investigator	they	1	6	10
investigator	witness	0	The investigator wanted to interview the witness in person, but ze was unable to get in contact.	neutral_ze	investigator	ze	1	6	10
investigator	witness	0	The investigator wanted to interview the witness in person, but xe was unable to get in contact.	neutral_xe	investigator	xe	1	6	10
investigator	witness	0	The investigator wanted to interview the witness in person, but ey was unable to get in contact.	neutral_ey	investigator	ey	1	6	10
bartender	customer	1	The customer left the bartender a big tip because he was feeling generous.	masculine	customer	he	1	4	9
bartender	customer	1	The customer left the bartender a big tip because she was feeling generous.	feminine	customer	she	1	4	9
bartender	customer	1	The customer left the bartender a big tip because they were feeling generous.	neutral_they	customer	they	1	4	9
bartender	customer	1	The customer left the bartender a big tip because ze was feeling generous.	neutral_ze	customer	ze	1	4	9
bartender	customer	1	The customer left the bartender a big tip because xe was feeling generous.	neutral_xe	customer	xe	1	4	9
bartender	customer	1	The customer left the bartender a big tip because ey was feeling generous.	neutral_ey	customer	ey	1	4	9
bartender	customer	0	The customer left the bartender a big tip because he had made the drink very strong.	masculine	bartender	he	1	4	9
bartender	customer	0	The customer left the bartender a big tip because she had made the drink very strong.	feminine	bartender	she	1	4	9
bartender	customer	0	The customer left the bartender a big tip because they had made the drink very strong.	neutral_they	bartender	they	1	4	9
bartender	customer	0	The customer left the bartender a big tip because ze had made the drink very strong.	neutral_ze	bartender	ze	1	4	9
bartender	customer	0	The customer left the bartender a big tip because xe had made the drink very strong.	neutral_xe	bartender	xe	1	4	9
bartender	customer	0	The customer left the bartender a big tip because ey had made the drink very strong.	neutral_ey	bartender	ey	1	4	9
specialist	patient	1	The patient was referred to the specialist because he had a rare skin condition.	masculine	patient	he	1	6	8
specialist	patient	1	The patient was referred to the specialist because she had a rare skin condition.	feminine	patient	she	1	6	8
specialist	patient	1	The patient was referred to the specialist because they had a rare skin condition.	neutral_they	patient	they	1	6	8
specialist	patient	1	The patient was referred to the specialist because ze had a rare skin condition.	neutral_ze	patient	ze	1	6	8
specialist	patient	1	The patient was referred to the specialist because xe had a rare skin condition.	neutral_xe	patient	xe	1	6	8
specialist	patient	1	The patient was referred to the specialist because ey had a rare skin condition.	neutral_ey	patient	ey	1	6	8
specialist	patient	0	The patient was referred to the specialist because he had knowledge of rare skin conditions.	masculine	specialist	he	1	6	8
specialist	patient	0	The patient was referred to the specialist because she had knowledge of rare skin conditions.	feminine	specialist	she	1	6	8
specialist	patient	0	The patient was referred to the specialist because they had knowledge of rare skin conditions.	neutral_they	specialist	they	1	6	8
specialist	patient	0	The patient was referred to the specialist because ze had knowledge of rare skin conditions.	neutral_ze	specialist	ze	1	6	8
specialist	patient	0	The patient was referred to the specialist because xe had knowledge of rare skin conditions.	neutral_xe	specialist	xe	1	6	8
specialist	patient	0	The patient was referred to the specialist because ey had knowledge of rare skin conditions.	neutral_ey	specialist	ey	1	6	8
electrician	homeowner	1	The electrician warned the homeowner not to try rewiring anything on his own.	masculine	homeowner	his	1	4	11
electrician	homeowner	1	The electrician warned the homeowner not to try rewiring anything on her own.	feminine	homeowner	her	1	4	11
electrician	homeowner	1	The electrician warned the homeowner not to try rewiring anything on their own.	neutral_they	homeowner	their	1	4	11
electrician	homeowner	1	The electrician warned the homeowner not to try rewiring anything on zir own.	neutral_ze	homeowner	zir	1	4	11
electrician	homeowner	1	The electrician warned the homeowner not to try rewiring anything on xir own.	neutral_xe	homeowner	xir	1	4	11
electrician	homeowner	1	The electrician warned the homeowner not to try rewiring anything on eir own.	neutral_ey	homeowner	eir	1	4	11
electrician	homeowner	0	The electrician warned the homeowner that he might need an extra day to finish rewiring the house.	masculine	electrician	he	1	4	6
electrician	homeowner	0	The electrician warned the homeowner that she might need an extra day to finish rewiring the house.	feminine	electrician	she	1	4	6
electrician	homeowner	0	The electrician warned the homeowner that they might need an extra day to finish rewiring the house.	neutral_they	electrician	they	1	4	6
electrician	homeowner	0	The electrician warned the homeowner that ze might need an extra day to finish rewiring the house.	neutral_ze	electrician	ze	1	4	6
electrician	homeowner	0	The electrician warned the homeowner that xe might need an extra day to finish rewiring the house.	neutral_xe	electrician	xe	1	4	6
electrician	homeowner	0	The electrician warned the homeowner that ey might need an extra day to finish rewiring the house.	neutral_ey	electrician	ey	1	4	6
officer	protester	0	The officer arrested the protester even though he was not on duty.	masculine	officer	he	1	4	7
officer	protester	0	The officer arrested the protester even though she was not on duty.	feminine	officer	she	1	4	7
officer	protester	0	The officer arrested the protester even though they were not on duty.	neutral_they	officer	they	1	4	7
officer	protester	0	The officer arrested the protester even though ze was not on duty.	neutral_ze	officer	ze	1	4	7
officer	protester	0	The officer arrested the protester even though xe was not on duty.	neutral_xe	officer	xe	1	4	7
officer	protester	0	The officer arrested the protester even though ey was not on duty.	neutral_ey	officer	ey	1	4	7
officer	protester	1	The officer arrested the protester even though he was not violent.	masculine	protester	he	1	4	7
officer	protester	1	The officer arrested the protester even though she was not violent.	feminine	protester	she	1	4	7
officer	protester	1	The officer arrested the protester even though they were not violent.	neutral_they	protester	they	1	4	7
officer	protester	1	The officer arrested the protester even though ze was not violent.	neutral_ze	protester	ze	1	4	7
officer	protester	1	The officer arrested the protester even though xe was not violent.	neutral_xe	protester	xe	1	4	7
officer	protester	1	The officer arrested the protester even though ey was not violent.	neutral_ey	protester	ey	1	4	7
pathologist	victim	0	The pathologist obtained tissue samples from the victim to look at under his microscope.	masculine	pathologist	his	1	7	12
pathologist	victim	0	The pathologist obtained tissue samples from the victim to look at under her microscope.	feminine	pathologist	her	1	7	12
pathologist	victim	0	The pathologist obtained tissue samples from the victim to look at under their microscope.	neutral_they	pathologist	their	1	7	12
pathologist	victim	0	The pathologist obtained tissue samples from the victim to look at under zir microscope.	neutral_ze	pathologist	zir	1	7	12
pathologist	victim	0	The pathologist obtained tissue samples from the victim to look at under xir microscope.	neutral_xe	pathologist	xir	1	7	12
pathologist	victim	0	The pathologist obtained tissue samples from the victim to look at under eir microscope.	neutral_ey	pathologist	eir	1	7	12
pathologist	victim	1	The pathologist obtained tissue samples from the victim to determine the cause of his death.	masculine	victim	his	1	7	13
pathologist	victim	1	The pathologist obtained tissue samples from the victim to determine the cause of her death.	feminine	victim	her	1	7	13
pathologist	victim	1	The pathologist obtained tissue samples from the victim to determine the cause of their death.	neutral_they	victim	their	1	7	13
pathologist	victim	1	The pathologist obtained tissue samples from the victim to determine the cause of zir death.	neutral_ze	victim	zir	1	7	13
pathologist	victim	1	The pathologist obtained tissue samples from the victim to determine the cause of xir death.	neutral_xe	victim	xir	1	7	13
pathologist	victim	1	The pathologist obtained tissue samples from the victim to determine the cause of eir death.	neutral_ey	victim	eir	1	7	13
teacher	student	1	The student asked the teacher if he could get an extension on the assignment.	masculine	student	he	1	4	6
teacher	student	1	The student asked the teacher if she could get an extension on the assignment.	feminine	student	she	1	4	6
teacher	student	1	The student asked the teacher if they could get an extension on the assignment.	neutral_they	student	they	1	4	6
teacher	student	1	The student asked the teacher if ze could get an extension on the assignment.	neutral_ze	student	ze	1	4	6
teacher	student	1	The student asked the teacher if xe could get an extension on the assignment.	neutral_xe	student	xe	1	4	6
teacher	student	1	The student asked the teacher if ey could get an extension on the assignment.	neutral_ey	student	ey	1	4	6
teacher	student	0	The student asked the teacher if he could grant an extension on the assignment.	masculine	teacher	he	1	4	6
teacher	student	0	The student asked the teacher if she could grant an extension on the assignment.	feminine	teacher	she	1	4	6
teacher	student	0	The student asked the teacher if they could grant an extension on the assignment.	neutral_they	teacher	they	1	4	6
teacher	student	0	The student asked the teacher if ze could grant an extension on the assignment.	neutral_ze	teacher	ze	1	4	6
teacher	student	0	The student asked the teacher if xe could grant an extension on the assignment.	neutral_xe	teacher	xe	1	4	6
teacher	student	0	The student asked the teacher if ey could grant an extension on the assignment.	neutral_ey	teacher	ey	1	4	6
lawyer	witness	1	The lawyer cross-examined the witness until he broke under pressure.	masculine	witness	he	1	4	6
lawyer	witness	1	The lawyer cross-examined the witness until she broke under pressure.	feminine	witness	she	1	4	6
lawyer	witness	1	The lawyer cross-examined the witness until they broke under pressure.	neutral_they	witness	they	1	4	6
lawyer	witness	1	The lawyer cross-examined the witness until ze broke under pressure.	neutral_ze	witness	ze	1	4	6
lawyer	witness	1	The lawyer cross-examined the witness until xe broke under pressure.	neutral_xe	witness	xe	1	4	6
lawyer	witness	1	The lawyer cross-examined the witness until ey broke under pressure.	neutral_ey	witness	ey	1	4	6
lawyer	witness	0	The lawyer cross-examined the witness until he was finished asking questions.	masculine	lawyer	he	1	4	6
lawyer	witness	0	The lawyer cross-examined the witness until she was finished asking questions.	feminine	lawyer	she	1	4	6
lawyer	witness	0	The lawyer cross-examined the witness until they were finished asking questions.	neutral_they	lawyer	they	1	4	6
lawyer	witness	0	The lawyer cross-examined the witness until ze was finished asking questions.	neutral_ze	lawyer	ze	1	4	6
lawyer	witness	0	The lawyer cross-examined the witness until xe was finished asking questions.	neutral_xe	lawyer	xe	1	4	6
lawyer	witness	0	The lawyer cross-examined the witness until ey was finished asking questions.	neutral_ey	lawyer	ey	1	4	6
planner	resident	1	The planner spoke with the resident who said that his entire community did not want an aiport nearby.	masculine	resident	his	1	5	9
planner	resident	1	The planner spoke with the resident who said that her entire community did not want an aiport nearby.	feminine	resident	her	1	5	9
planner	resident	1	The planner spoke with the resident who said that their entire community did not want an aiport nearby.	neutral_they	resident	their	1	5	9
planner	resident	1	The planner spoke with the resident who said that zir entire community did not want an aiport nearby.	neutral_ze	resident	zir	1	5	9
planner	resident	1	The planner spoke with the resident who said that xir entire community did not want an aiport nearby.	neutral_xe	resident	xir	1	5	9
planner	resident	1	The planner spoke with the resident who said that eir entire community did not want an aiport nearby.	neutral_ey	resident	eir	1	5	9
planner	resident	0	The planner spoke with the resident who said that his proposal to build a new airport would be met with fierce opposition.	masculine	planner	his	1	5	9
planner	resident	0	The planner spoke with the resident who said that her proposal to build a new airport would be met with fierce opposition.	feminine	planner	her	1	5	9
planner	resident	0	The planner spoke with the resident who said that their proposal to build a new airport would be met with fierce opposition.	neutral_they	planner	their	1	5	9
planner	resident	0	The planner spoke with the resident who said that zir proposal to build a new airport would be met with fierce opposition.	neutral_ze	planner	zir	1	5	9
planner	resident	0	The planner spoke with the resident who said that xir proposal to build a new airport would be met with fierce opposition.	neutral_xe	planner	xir	1	5	9
planner	resident	0	The planner spoke with the resident who said that eir proposal to build a new airport would be met with fierce opposition.	neutral_ey	planner	eir	1	5	9
practitioner	patient	1	The practitioner made a house call for the patient because he felt gravely ill.	masculine	patient	he	1	8	10
practitioner	patient	1	The practitioner made a house call for the patient because she felt gravely ill.	feminine	patient	she	1	8	10
practitioner	patient	1	The practitioner made a house call for the patient because they felt gravely ill.	neutral_they	patient	they	1	8	10
practitioner	patient	1	The practitioner made a house call for the patient because ze felt gravely ill.	neutral_ze	patient	ze	1	8	10
practitioner	patient	1	The practitioner made a house call for the patient because xe felt gravely ill.	neutral_xe	patient	xe	1	8	10
practitioner	patient	1	The practitioner made a house call for the patient because ey felt gravely ill.	neutral_ey	patient	ey	1	8	10
practitioner	patient	0	The practitioner made a house call for the patient because he felt a sense of obligation.	masculine	practitioner	he	1	8	10
practitioner	patient	0	The practitioner made a house call for the patient because she felt a sense of obligation.	feminine	practitioner	she	1	8	10
practitioner	patient	0	The practitioner made a house call for the patient because they felt a sense of obligation.	neutral_they	practitioner	they	1	8	10
practitioner	patient	0	The practitioner made a house call for the patient because ze felt a sense of obligation.	neutral_ze	practitioner	ze	1	8	10
practitioner	patient	0	The practitioner made a house call for the patient because xe felt a sense of obligation.	neutral_xe	practitioner	xe	1	8	10
practitioner	patient	0	The practitioner made a house call for the patient because ey felt a sense of obligation.	neutral_ey	practitioner	ey	1	8	10
plumber	homeowner	0	The homeowner called the plumber to get an estimate for his services.	masculine	plumber	his	1	4	10
plumber	homeowner	0	The homeowner called the plumber to get an estimate for her services.	feminine	plumber	her	1	4	10
plumber	homeowner	0	The homeowner called the plumber to get an estimate for their services.	neutral_they	plumber	their	1	4	10
plumber	homeowner	0	The homeowner called the plumber to get an estimate for zir services.	neutral_ze	plumber	zir	1	4	10
plumber	homeowner	0	The homeowner called the plumber to get an estimate for xir services.	neutral_xe	plumber	xir	1	4	10
plumber	homeowner	0	The homeowner called the plumber to get an estimate for eir services.	neutral_ey	plumber	eir	1	4	10
plumber	homeowner	1	The homeowner called the plumber to get an estimate for repairing his broken pipes.	masculine	homeowner	his	1	4	11
plumber	homeowner	1	The homeowner called the plumber to get an estimate for repairing her broken pipes.	feminine	homeowner	her	1	4	11
plumber	homeowner	1	The homeowner called the plumber to get an estimate for repairing their broken pipes.	neutral_they	homeowner	their	1	4	11
plumber	homeowner	1	The homeowner called the plumber to get an estimate for repairing zir broken pipes.	neutral_ze	homeowner	zir	1	4	11
plumber	homeowner	1	The homeowner called the plumber to get an estimate for repairing xir broken pipes.	neutral_xe	homeowner	xir	1	4	11
plumber	homeowner	1	The homeowner called the plumber to get an estimate for repairing eir broken pipes.	neutral_ey	homeowner	eir	1	4	11
instructor	student	0	The instructor encouraged the student to attend his help sessions.	masculine	instructor	his	1	4	7
instructor	student	0	The instructor encouraged the student to attend her help sessions.	feminine	instructor	her	1	4	7
instructor	student	0	The instructor encouraged the student to attend their help sessions.	neutral_they	instructor	their	1	4	7
instructor	student	0	The instructor encouraged the student to attend zir help sessions.	neutral_ze	instructor	zir	1	4	7
instructor	student	0	The instructor encouraged the student to attend xir help sessions.	neutral_xe	instructor	xir	1	4	7
instructor	student	0	The instructor encouraged the student to attend eir help sessions.	neutral_ey	instructor	eir	1	4	7
instructor	student	1	The instructor encouraged the student to pursue his dreams.	masculine	student	his	1	4	7
instructor	student	1	The instructor encouraged the student to pursue her dreams.	feminine	student	her	1	4	7
instructor	student	1	The instructor encouraged the student to pursue their dreams.	neutral_they	student	their	1	4	7
instructor	student	1	The instructor encouraged the student to pursue zir dreams.	neutral_ze	student	zir	1	4	7
instructor	student	1	The instructor encouraged the student to pursue xir dreams.	neutral_xe	student	xir	1	4	7
instructor	student	1	The instructor encouraged the student to pursue eir dreams.	neutral_ey	student	eir	1	4	7
surgeon	child	1	The surgeon operated on the child with great care; his tumor had grown over time.	masculine	child	his	1	5	9
surgeon	child	1	The surgeon operated on the child with great care; her tumor had grown over time.	feminine	child	her	1	5	9
surgeon	child	1	The surgeon operated on the child with great care; their tumor had grown over time.	neutral_they	child	their	1	5	9
surgeon	child	1	The surgeon operated on the child with great care; zir tumor had grown over time.	neutral_ze	child	zir	1	5	9
surgeon	child	1	The surgeon operated on the child with great care; xir tumor had grown over time.	neutral_xe	child	xir	1	5	9
surgeon	child	1	The surgeon operated on the child with great care; eir tumor had grown over time.	neutral_ey	child	eir	1	5	9
surgeon	child	0	The surgeon operated on the child with great care; his affection had grown over time.	masculine	surgeon	his	1	5	9
surgeon	child	0	The surgeon operated on the child with great care; her affection had grown over time.	feminine	surgeon	her	1	5	9
surgeon	child	0	The surgeon operated on the child with great care; their affection had grown over time.	neutral_they	surgeon	their	1	5	9
surgeon	child	0	The surgeon operated on the child with great care; zir affection had grown over time.	neutral_ze	surgeon	zir	1	5	9
surgeon	child	0	The surgeon operated on the child with great care; xir affection had grown over time.	neutral_xe	surgeon	xir	1	5	9
surgeon	child	0	The surgeon operated on the child with great care; eir affection had grown over time.	neutral_ey	surgeon	eir	1	5	9
veterinarian	owner	1	The veterinarian informed the owner that his cat had developed diabetes.	masculine	owner	his	1	4	6
veterinarian	owner	1	The veterinarian informed the owner that her cat had developed diabetes.	feminine	owner	her	1	4	6
veterinarian	owner	1	The veterinarian informed the owner that their cat had developed diabetes.	neutral_they	owner	their	1	4	6
veterinarian	owner	1	The veterinarian informed the owner that zir cat had developed diabetes.	neutral_ze	owner	zir	1	4	6
veterinarian	owner	1	The veterinarian informed the owner that xir cat had developed diabetes.	neutral_xe	owner	xir	1	4	6
veterinarian	owner	1	The veterinarian informed the owner that eir cat had developed diabetes.	neutral_ey	owner	eir	1	4	6
veterinarian	owner	0	The veterinarian informed the owner that he could admit Mittens for an emergency visit.	masculine	veterinarian	he	1	4	6
veterinarian	owner	0	The veterinarian informed the owner that she could admit Mittens for an emergency visit.	feminine	veterinarian	she	1	4	6
veterinarian	owner	0	The veterinarian informed the owner that they could admit Mittens for an emergency visit.	neutral_they	veterinarian	they	1	4	6
veterinarian	owner	0	The veterinarian informed the owner that ze could admit Mittens for an emergency visit.	neutral_ze	veterinarian	ze	1	4	6
veterinarian	owner	0	The veterinarian informed the owner that xe could admit Mittens for an emergency visit.	neutral_xe	veterinarian	xe	1	4	6
veterinarian	owner	0	The veterinarian informed the owner that ey could admit Mittens for an emergency visit.	neutral_ey	veterinarian	ey	1	4	6
paramedic	passenger	0	The paramedic performed CPR on the passenger even though he knew it was too late.	masculine	paramedic	he	1	6	9
paramedic	passenger	0	The paramedic performed CPR on the passenger even though she knew it was too late.	feminine	paramedic	she	1	6	9
paramedic	passenger	0	The paramedic performed CPR on the passenger even though they knew it was too late.	neutral_they	paramedic	they	1	6	9
paramedic	passenger	0	The paramedic performed CPR on the passenger even though ze knew it was too late.	neutral_ze	paramedic	ze	1	6	9
paramedic	passenger	0	The paramedic performed CPR on the passenger even though xe knew it was too late.	neutral_xe	paramedic	xe	1	6	9
paramedic	passenger	0	The paramedic performed CPR on the passenger even though ey knew it was too late.	neutral_ey	paramedic	ey	1	6	9
paramedic	passenger	1	The paramedic performed CPR on the passenger even though he was already dead.	masculine	passenger	he	1	6	9
paramedic	passenger	1	The paramedic performed CPR on the passenger even though she was already dead.	feminine	passenger	she	1	6	9
paramedic	passenger	1	The paramedic performed CPR on the passenger even though they were already dead.	neutral_they	passenger	they	1	6	9
paramedic	passenger	1	The paramedic performed CPR on the passenger even though ze was already dead.	neutral_ze	passenger	ze	1	6	9
paramedic	passenger	1	The paramedic performed CPR on the passenger even though xe was already dead.	neutral_xe	passenger	xe	1	6	9
paramedic	passenger	1	The paramedic performed CPR on the passenger even though ey was already dead.	neutral_ey	passenger	ey	1	6	9
examiner	victim	1	The examiner inspected the body of the victim to determine a cause of death, but was unable to because he was too badly mutilated.	masculine	victim	he	1	7	19
examiner	victim	1	The examiner inspected the body of the victim to determine a cause of death, but was unable to because she was too badly mutilated.	feminine	victim	she	1	7	19
examiner	victim	1	The examiner inspected the body of the victim to determine a cause of death, but was unable to because they were too badly mutilated.	neutral_they	victim	they	1	7	19
examiner	victim	1	The examiner inspected the body of the victim to determine a cause of death, but was unable to because ze was too badly mutilated.	neutral_ze	victim	ze	1	7	19
examiner	victim	1	The examiner inspected the body of the victim to determine a cause of death, but was unable to because xe was too badly mutilated.	neutral_xe	victim	xe	1	7	19
examiner	victim	1	The examiner inspected the body of the victim to determine a cause of death, but was unable to because ey was too badly mutilated.	neutral_ey	victim	ey	1	7	19
examiner	victim	0	The examiner inspected the body of the victim to determine a cause of death, but was unable to because he was too incompetent.	masculine	examiner	he	1	7	19
examiner	victim	0	The examiner inspected the body of the victim to determine a cause of death, but was unable to because she was too incompetent.	feminine	examiner	she	1	7	19
examiner	victim	0	The examiner inspected the body of the victim to determine a cause of death, but was unable to because they were too incompetent.	neutral_they	examiner	they	1	7	19
examiner	victim	0	The examiner inspected the body of the victim to determine a cause of death, but was unable to because ze was too incompetent.	neutral_ze	examiner	ze	1	7	19
examiner	victim	0	The examiner inspected the body of the victim to determine a cause of death, but was unable to because xe was too incompetent.	neutral_xe	examiner	xe	1	7	19
examiner	victim	0	The examiner inspected the body of the victim to determine a cause of death, but was unable to because ey was too incompetent.	neutral_ey	examiner	ey	1	7	19
chemist	visitor	1	The chemist told the visitor that he would need to put on safety glasses before entering the laboratory.	masculine	visitor	he	1	4	6
chemist	visitor	1	The chemist told the visitor that she would need to put on safety glasses before entering the laboratory.	feminine	visitor	she	1	4	6
chemist	visitor	1	The chemist told the visitor that they would need to put on safety glasses before entering the laboratory.	neutral_they	visitor	they	1	4	6
chemist	visitor	1	The chemist told the visitor that ze would need to put on safety glasses before entering the laboratory.	neutral_ze	visitor	ze	1	4	6
chemist	visitor	1	The chemist told the visitor that xe would need to put on safety glasses before entering the laboratory.	neutral_xe	visitor	xe	1	4	6
chemist	visitor	1	The chemist told the visitor that ey would need to put on safety glasses before entering the laboratory.	neutral_ey	visitor	ey	1	4	6
chemist	visitor	0	The chemist told the visitor that he would be delighted to give a tour of the laboratory.	masculine	chemist	he	1	4	6
chemist	visitor	0	The chemist told the visitor that she would be delighted to give a tour of the laboratory.	feminine	chemist	she	1	4	6
chemist	visitor	0	The chemist told the visitor that they would be delighted to give a tour of the laboratory.	neutral_they	chemist	they	1	4	6
chemist	visitor	0	The chemist told the visitor that ze would be delighted to give a tour of the laboratory.	neutral_ze	chemist	ze	1	4	6
chemist	visitor	0	The chemist told the visitor that xe would be delighted to give a tour of the laboratory.	neutral_xe	chemist	xe	1	4	6
chemist	visitor	0	The chemist told the visitor that ey would be delighted to give a tour of the laboratory.	neutral_ey	chemist	ey	1	4	6
machinist	child	1	The machinist gave the child a laser cutter demonstration, but said it was too dangerous for him to try it out.	masculine	child	him	1	4	16
machinist	child	1	The machinist gave the child a laser cutter demonstration, but said it was too dangerous for her to try it out.	feminine	child	her	1	4	16
machinist	child	1	The machinist gave the child a laser cutter demonstration, but said it was too dangerous for them to try it out.	neutral_they	child	them	1	4	16
machinist	child	1	The machinist gave the child a laser cutter demonstration, but said it was too dangerous for zir to try it out.	neutral_ze	child	zir	1	4	16
machinist	child	1	The machinist gave the child a laser cutter demonstration, but said it was too dangerous for xem to try it out.	neutral_xe	child	xem	1	4	16
machinist	child	1	The machinist gave the child a laser cutter demonstration, but said it was too dangerous for em to try it out.	neutral_ey	child	em	1	4	16
machinist	child	0	The machinist gave the child a laser cutter demonstration, but said only he could operate it.	masculine	machinist	he	1	4	12
machinist	child	0	The machinist gave the child a laser cutter demonstration, but said only she could operate it.	feminine	machinist	she	1	4	12
machinist	child	0	The machinist gave the child a laser cutter demonstration, but said only they could operate it.	neutral_they	machinist	they	1	4	12
machinist	child	0	The machinist gave the child a laser cutter demonstration, but said only ze could operate it.	neutral_ze	machinist	ze	1	4	12
machinist	child	0	The machinist gave the child a laser cutter demonstration, but said only xe could operate it.	neutral_xe	machinist	xe	1	4	12
machinist	child	0	The machinist gave the child a laser cutter demonstration, but said only ey could operate it.	neutral_ey	machinist	ey	1	4	12
appraiser	buyer	1	The appraiser told the buyer that he had paid too much for the painting.	masculine	buyer	he	1	4	6
appraiser	buyer	1	The appraiser told the buyer that she had paid too much for the painting.	feminine	buyer	she	1	4	6
appraiser	buyer	1	The appraiser told the buyer that they had paid too much for the painting.	neutral_they	buyer	they	1	4	6
appraiser	buyer	1	The appraiser told the buyer that ze had paid too much for the painting.	neutral_ze	buyer	ze	1	4	6
appraiser	buyer	1	The appraiser told the buyer that xe had paid too much for the painting.	neutral_xe	buyer	xe	1	4	6
appraiser	buyer	1	The appraiser told the buyer that ey had paid too much for the painting.	neutral_ey	buyer	ey	1	4	6
appraiser	buyer	0	The appraiser told the buyer that he valued the painting at ten thousand dollars.	masculine	appraiser	he	1	4	6
appraiser	buyer	0	The appraiser told the buyer that she valued the painting at ten thousand dollars.	feminine	appraiser	she	1	4	6
appraiser	buyer	0	The appraiser told the buyer that they valued the painting at ten thousand dollars.	neutral_they	appraiser	they	1	4	6
appraiser	buyer	0	The appraiser told the buyer that ze valued the painting at ten thousand dollars.	neutral_ze	appraiser	ze	1	4	6
appraiser	buyer	0	The appraiser told the buyer that xe valued the painting at ten thousand dollars.	neutral_xe	appraiser	xe	1	4	6
appraiser	buyer	0	The appraiser told the buyer that ey valued the painting at ten thousand dollars.	neutral_ey	appraiser	ey	1	4	6
nutritionist	patient	1	The nutritionist explained to the patient that cutting down on sugar would be an effective way to improve his diet.	masculine	patient	his	1	5	18
nutritionist	patient	1	The nutritionist explained to the patient that cutting down on sugar would be an effective way to improve her diet.	feminine	patient	her	1	5	18
nutritionist	patient	1	The nutritionist explained to the patient that cutting down on sugar would be an effective way to improve their diet.	neutral_they	patient	their	1	5	18
nutritionist	patient	1	The nutritionist explained to the patient that cutting down on sugar would be an effective way to improve zir diet.	neutral_ze	patient	zir	1	5	18
nutritionist	patient	1	The nutritionist explained to the patient that cutting down on sugar would be an effective way to improve xir diet.	neutral_xe	patient	xir	1	5	18
nutritionist	patient	1	The nutritionist explained to the patient that cutting down on sugar would be an effective way to improve eir diet.	neutral_ey	patient	eir	1	5	18
nutritionist	patient	0	The nutritionist explained to the patient that it was his belief that diet and exercise were equally important.	masculine	nutritionist	his	1	5	9
nutritionist	patient	0	The nutritionist explained to the patient that it was her belief that diet and exercise were equally important.	feminine	nutritionist	her	1	5	9
nutritionist	patient	0	The nutritionist explained to the patient that it was their belief that diet and exercise were equally important.	neutral_they	nutritionist	their	1	5	9
nutritionist	patient	0	The nutritionist explained to the patient that it was zir belief that diet and exercise were equally important.	neutral_ze	nutritionist	zir	1	5	9
nutritionist	patient	0	The nutritionist explained to the patient that it was xir belief that diet and exercise were equally important.	neutral_xe	nutritionist	xir	1	5	9
nutritionist	patient	0	The nutritionist explained to the patient that it was eir belief that diet and exercise were equally important.	neutral_ey	nutritionist	eir	1	5	9
architect	student	1	The student set up a meeting with the architect to explore his career options.	masculine	student	his	1	8	11
architect	student	1	The student set up a meeting with the architect to explore her career options.	feminine	student	her	1	8	11
architect	student	1	The student set up a meeting with the architect to explore their career options.	neutral_they	student	their	1	8	11
architect	student	1	The student set up a meeting with the architect to explore zir career options.	neutral_ze	student	zir	1	8	11
architect	student	1	The student set up a meeting with the architect to explore xir career options.	neutral_xe	student	xir	1	8	11
architect	student	1	The student set up a meeting with the architect to explore eir career options.	neutral_ey	student	eir	1	8	11
architect	student	0	The student set up a meeting with the architect to view his blueprints for inspiration.	masculine	architect	his	1	8	11
architect	student	0	The student set up a meeting with the architect to view her blueprints for inspiration.	feminine	architect	her	1	8	11
architect	student	0	The student set up a meeting with the architect to view their blueprints for inspiration.	neutral_they	architect	their	1	8	11
architect	student	0	The student set up a meeting with the architect to view zir blueprints for inspiration.	neutral_ze	architect	zir	1	8	11
architect	student	0	The student set up a meeting with the architect to view xir blueprints for inspiration.	neutral_xe	architect	xir	1	8	11
architect	student	0	The student set up a meeting with the architect to view eir blueprints for inspiration.	neutral_ey	architect	eir	1	8	11
hairdresser	client	0	The hairdresser recommended a new shampoo to the client because he wanted to be helpful.	masculine	hairdresser	he	1	8	10
hairdresser	client	0	The hairdresser recommended a new shampoo to the client because she wanted to be helpful.	feminine	hairdresser	she	1	8	10
hairdresser	client	0	The hairdresser recommended a new shampoo to the client because they wanted to be helpful.	neutral_they	hairdresser	they	1	8	10
hairdresser	client	0	The hairdresser recommended a new shampoo to the client because ze wanted to be helpful.	neutral_ze	hairdresser	ze	1	8	10
hairdresser	client	0	The hairdresser recommended a new shampoo to the client because xe wanted to be helpful.	neutral_xe	hairdresser	xe	1	8	10
hairdresser	client	0	The hairdresser recommended a new shampoo to the client because ey wanted to be helpful.	neutral_ey	hairdresser	ey	1	8	10
hairdresser	client	1	The hairdresser recommended a new shampoo to the client because he wanted to try something different.	masculine	client	he	1	8	10
hairdresser	client	1	The hairdresser recommended a new shampoo to the client because she wanted to try something different.	feminine	client	she	1	8	10
hairdresser	client	1	The hairdresser recommended a new shampoo to the client because they wanted to try something different.	neutral_they	client	they	1	8	10
hairdresser	client	1	The hairdresser recommended a new shampoo to the client because ze wanted to try something different.	neutral_ze	client	ze	1	8	10
hairdresser	client	1	The hairdresser recommended a new shampoo to the client because xe wanted to try something different.	neutral_xe	client	xe	1	8	10
hairdresser	client	1	The hairdresser recommended a new shampoo to the client because ey wanted to try something different.	neutral_ey	client	ey	1	8	10
baker	customer	1	The customer ordered a chocolate cake from the baker even though he was on a low-carb diet.	masculine	customer	he	1	8	11
baker	customer	1	The customer ordered a chocolate cake from the baker even though she was on a low-carb diet.	feminine	customer	she	1	8	11
baker	customer	1	The customer ordered a chocolate cake from the baker even though they were on a low-carb diet.	neutral_they	customer	they	1	8	11
baker	customer	1	The customer ordered a chocolate cake from the baker even though ze was on a low-carb diet.	neutral_ze	customer	ze	1	8	11
baker	customer	1	The customer ordered a chocolate cake from the baker even though xe was on a low-carb diet.	neutral_xe	customer	xe	1	8	11
baker	customer	1	The customer ordered a chocolate cake from the baker even though ey was on a low-carb diet.	neutral_ey	customer	ey	1	8	11
baker	customer	0	The customer ordered a chocolate cake from the baker even though he had bad reviews online.	masculine	baker	he	1	8	11
baker	customer	0	The customer ordered a chocolate cake from the baker even though she had bad reviews online.	feminine	baker	she	1	8	11
baker	customer	0	The customer ordered a chocolate cake from the baker even though they had bad reviews online.	neutral_they	baker	they	1	8	11
baker	customer	0	The customer ordered a chocolate cake from the baker even though ze had bad reviews online.	neutral_ze	baker	ze	1	8	11
baker	customer	0	The customer ordered a chocolate cake from the baker even though xe had bad reviews online.	neutral_xe	baker	xe	1	8	11
baker	customer	0	The customer ordered a chocolate cake from the baker even though ey had bad reviews online.	neutral_ey	baker	ey	1	8	11
programmer	student	0	The programmer volunteered to teach the student to code because he wanted to earn good karma.	masculine	programmer	he	1	6	10
programmer	student	0	The programmer volunteered to teach the student to code because she wanted to earn good karma.	feminine	programmer	she	1	6	10
programmer	student	0	The programmer volunteered to teach the student to code because they wanted to earn good karma.	neutral_they	programmer	they	1	6	10
programmer	student	0	The programmer volunteered to teach the student to code because ze wanted to earn good karma.	neutral_ze	programmer	ze	1	6	10
programmer	student	0	The programmer volunteered to teach the student to code because xe wanted to earn good karma.	neutral_xe	programmer	xe	1	6	10
programmer	student	0	The programmer volunteered to teach the student to code because ey wanted to earn good karma.	neutral_ey	programmer	ey	1	6	10
programmer	student	1	The programmer volunteered to teach the student to code because he wanted to become a web developer.	masculine	student	he	1	6	10
programmer	student	1	The programmer volunteered to teach the student to code because she wanted to become a web developer.	feminine	student	she	1	6	10
programmer	student	1	The programmer volunteered to teach the student to code because they wanted to become a web developer.	neutral_they	student	they	1	6	10
programmer	student	1	The programmer volunteered to teach the student to code because ze wanted to become a web developer.	neutral_ze	student	ze	1	6	10
programmer	student	1	The programmer volunteered to teach the student to code because xe wanted to become a web developer.	neutral_xe	student	xe	1	6	10
programmer	student	1	The programmer volunteered to teach the student to code because ey wanted to become a web developer.	neutral_ey	student	ey	1	6	10
paralegal	client	0	The paralegal forgot to file paperwork for the client so he was fired.	masculine	paralegal	he	1	8	10
paralegal	client	0	The paralegal forgot to file paperwork for the client so she was fired.	feminine	paralegal	she	1	8	10
paralegal	client	0	The paralegal forgot to file paperwork for the client so they were fired.	neutral_they	paralegal	they	1	8	10
paralegal	client	0	The paralegal forgot to file paperwork for the client so ze was fired.	neutral_ze	paralegal	ze	1	8	10
paralegal	client	0	The paralegal forgot to file paperwork for the client so xe was fired.	neutral_xe	paralegal	xe	1	8	10
paralegal	client	0	The paralegal forgot to file paperwork for the client so ey was fired.	neutral_ey	paralegal	ey	1	8	10
paralegal	client	1	The paralegal forgot to file paperwork for the client so he got fed up and went to a different law firm.	masculine	client	he	1	8	10
paralegal	client	1	The paralegal forgot to file paperwork for the client so she got fed up and went to a different law firm.	feminine	client	she	1	8	10
paralegal	client	1	The paralegal forgot to file paperwork for the client so they got fed up and went to a different law firm.	neutral_they	client	they	1	8	10
paralegal	client	1	The paralegal forgot to file paperwork for the client so ze got fed up and went to a different law firm.	neutral_ze	client	ze	1	8	10
paralegal	client	1	The paralegal forgot to file paperwork for the client so xe got fed up and went to a different law firm.	neutral_xe	client	xe	1	8	10
paralegal	client	1	The paralegal forgot to file paperwork for the client so ey got fed up and went to a different law firm.	neutral_ey	client	ey	1	8	10